topology,failure_epoch_zero_based,strategy,directed_link_scenarios,scenarios_with_affected_commodities,mean_affected_commodities,max_affected_commodities,provisioned_backup_occupied_link_seconds,mean_activated_backup_occupied_link_seconds_all,mean_activated_backup_occupied_link_seconds_when_affected,max_activated_backup_occupied_link_seconds,mean_failure_execution_backup_occupied_link_seconds_all,mean_failure_execution_backup_occupied_link_seconds_when_affected,max_failure_execution_backup_occupied_link_seconds,mean_completion_seconds_all,mean_completion_seconds_when_affected,max_completion_seconds
DCN4WAN,0,Dedicated Protection,16,16,1.5,2,34.0,12.75,12.75,18.0,34.0,34.0,34.0,8.75,8.75,9.0
DCN4WAN,0,Preplanned Deferred Protection,16,16,1.5,2,32.0,12.0,12.0,16.0,12.0,12.0,16.0,24.75,24.75,27.0
DCN4WAN,1,Dedicated Protection,16,13,1.0625,2,34.0,9.125,11.23076923076923,18.0,34.0,34.0,34.0,8.5625,8.692307692307692,9.0
DCN4WAN,1,Preplanned Deferred Protection,16,13,1.0625,2,32.0,8.5,10.461538461538462,16.0,8.5,10.461538461538462,16.0,21.4375,24.53846153846154,27.0
DCN4WAN,2,Dedicated Protection,16,13,1.0625,2,34.0,9.125,11.23076923076923,18.0,34.0,34.0,34.0,8.5625,8.692307692307692,9.0
DCN4WAN,2,Preplanned Deferred Protection,16,13,1.0625,2,32.0,8.5,10.461538461538462,16.0,8.5,10.461538461538462,16.0,21.4375,24.53846153846154,27.0
DCN4WAN,3,Dedicated Protection,16,10,0.625,1,34.0,5.5,8.8,10.0,34.0,34.0,34.0,8.375,8.6,9.0
DCN4WAN,3,Preplanned Deferred Protection,16,10,0.625,1,32.0,5.0,8.0,8.0,5.0,8.0,8.0,18.125,24.2,27.0
DCN4WAN,4,Dedicated Protection,16,10,0.625,1,34.0,5.5,8.8,10.0,34.0,34.0,34.0,8.375,8.6,9.0
DCN4WAN,4,Preplanned Deferred Protection,16,10,0.625,1,32.0,5.0,8.0,8.0,5.0,8.0,8.0,18.125,24.2,27.0
DCN4WAN,5,Dedicated Protection,16,5,0.3125,1,34.0,2.75,8.8,10.0,34.0,34.0,34.0,8.1875,8.6,9.0
DCN4WAN,5,Preplanned Deferred Protection,16,5,0.3125,1,32.0,2.5,8.0,8.0,2.5,8.0,8.0,13.0625,24.2,27.0
DCN4WAN,6,Dedicated Protection,16,5,0.3125,1,34.0,2.75,8.8,10.0,34.0,34.0,34.0,8.1875,8.6,9.0
DCN4WAN,6,Preplanned Deferred Protection,16,5,0.3125,1,32.0,2.5,8.0,8.0,2.5,8.0,8.0,13.0625,24.2,27.0
DCN4WAN,7,Dedicated Protection,16,0,0.0,0,34.0,0.0,0.0,0.0,34.0,0.0,34.0,8.0,,8.0
DCN4WAN,7,Preplanned Deferred Protection,16,0,0.0,0,32.0,0.0,0.0,0.0,0.0,0.0,0.0,8.0,,8.0
InterDC8,0,Dedicated Protection,24,24,2.3333333333333335,4,93.0,27.125,27.125,48.0,93.0,93.0,93.0,17.583333333333332,17.583333333333332,18.0
InterDC8,0,Preplanned Deferred Protection,24,24,2.3333333333333335,4,87.0,25.375,25.375,45.0,25.375,25.375,45.0,33.75,33.75,35.0
InterDC8,1,Dedicated Protection,24,21,1.75,4,93.0,20.333333333333332,23.238095238095237,48.0,93.0,93.0,93.0,16.416666666666668,17.19047619047619,18.0
InterDC8,1,Preplanned Deferred Protection,24,21,1.75,4,87.0,19.125,21.857142857142858,45.0,19.125,21.857142857142858,45.0,30.75,33.57142857142857,35.0
InterDC8,2,Dedicated Protection,24,21,1.75,4,93.0,20.333333333333332,23.238095238095237,48.0,93.0,93.0,93.0,16.416666666666668,17.19047619047619,18.0
InterDC8,2,Preplanned Deferred Protection,24,21,1.75,4,87.0,19.125,21.857142857142858,45.0,19.125,21.857142857142858,45.0,30.75,33.57142857142857,35.0
InterDC8,3,Dedicated Protection,24,18,1.4583333333333333,4,93.0,16.916666666666668,22.555555555555557,48.0,93.0,93.0,93.0,15.708333333333334,17.27777777777778,18.0
InterDC8,3,Preplanned Deferred Protection,24,18,1.4583333333333333,4,87.0,15.833333333333334,21.11111111111111,45.0,15.833333333333334,21.11111111111111,45.0,27.916666666666668,33.55555555555556,35.0
InterDC8,4,Dedicated Protection,24,18,1.4166666666666667,4,93.0,16.416666666666668,21.88888888888889,48.0,93.0,93.0,93.0,15.708333333333334,17.27777777777778,18.0
InterDC8,4,Preplanned Deferred Protection,24,18,1.4166666666666667,4,87.0,15.375,20.5,45.0,15.375,20.5,45.0,27.916666666666668,33.55555555555556,35.0
InterDC8,5,Dedicated Protection,24,17,1.2083333333333333,3,93.0,14.083333333333334,19.88235294117647,36.0,93.0,93.0,93.0,15.25,17.0,18.0
InterDC8,5,Preplanned Deferred Protection,24,17,1.2083333333333333,3,87.0,13.208333333333334,18.647058823529413,34.0,13.208333333333334,18.647058823529413,34.0,26.958333333333332,33.529411764705884,35.0
InterDC8,6,Dedicated Protection,24,16,0.8333333333333334,3,93.0,9.791666666666666,14.6875,36.0,93.0,93.0,93.0,14.833333333333334,16.75,18.0
InterDC8,6,Preplanned Deferred Protection,24,16,0.8333333333333334,3,87.0,9.25,13.875,34.0,9.25,13.875,34.0,25.75,33.125,35.0
InterDC8,7,Dedicated Protection,24,12,0.625,2,93.0,7.416666666666667,14.833333333333334,24.0,93.0,93.0,93.0,14.041666666666666,17.083333333333332,18.0
InterDC8,7,Preplanned Deferred Protection,24,12,0.625,2,87.0,6.916666666666667,13.833333333333334,23.0,6.916666666666667,13.833333333333334,23.0,22.125,33.25,35.0
InterDC8,8,Dedicated Protection,24,4,0.20833333333333334,2,93.0,2.4583333333333335,14.75,24.0,93.0,93.0,93.0,12.0,17.0,18.0
InterDC8,8,Preplanned Deferred Protection,24,4,0.20833333333333334,2,87.0,2.25,13.5,22.0,2.25,13.5,22.0,14.625,32.75,35.0
InterDC8,9,Dedicated Protection,24,3,0.125,1,93.0,1.4583333333333333,11.666666666666666,12.0,93.0,93.0,93.0,11.75,17.0,18.0
InterDC8,9,Preplanned Deferred Protection,24,3,0.125,1,87.0,1.3333333333333333,10.666666666666666,11.0,1.3333333333333333,10.666666666666666,11.0,13.75,33.0,35.0
InterDC8,10,Dedicated Protection,24,0,0.0,0,93.0,0.0,0.0,0.0,93.0,0.0,93.0,11.0,,11.0
InterDC8,10,Preplanned Deferred Protection,24,0,0.0,0,87.0,0.0,0.0,0.0,0.0,0.0,0.0,11.0,,11.0
